ThreadCount,min,max,avg,last,cnt,tps,bytes,bps,err,sum
1,128,128,128,128,1,1,224,233,0,0
1,125,128,126,125,2,1,448,224,0,0
1,124,128,125,124,3,1,672,228,0,0
1,124,128,125,125,4,0,896,222,0,0
1,124,153,131,153,5,1,1120,230,0,0
1,124,157,135,157,6,1,1344,240,0,0
1,123,157,133,123,7,1,1568,243,0,0
1,120,157,131,120,8,1,1792,250,0,0
1,120,157,130,120,9,1,2016,255,0,0
1,120,157,133,156,10,1,2240,254,0,0
1,120,166,136,166,11,1,2464,250,0,0
1,120,166,134,121,12,1,2688,254,0,0
1,120,166,133,121,13,1,2912,259,0,0
1,120,166,132,120,14,1,3136,260,0,0
1,120,166,132,125,15,1,3360,255,0,0
1,120,166,133,147,16,1,3584,256,0,0
1,120,166,134,161,17,1,3808,254,0,0
1,120,166,134,125,18,1,4032,257,0,0
1,119,166,133,119,19,1,4256,256,0,0
1,119,166,132,120,20,1,4480,253,0,0
1,118,166,132,118,21,1,4704,254,0,0
1,118,166,133,163,22,1,4928,254,0,0
1,118,166,134,163,23,1,5152,252,0,0
1,118,166,134,120,24,1,5376,254,0,0
1,117,166,133,117,25,1,5600,253,0,0
1,117,166,132,117,26,1,5824,250,0,0
1,117,166,132,119,27,1,6048,251,0,0
1,117,166,133,155,28,1,6272,252,0,0
1,117,166,133,156,29,1,6496,251,0,0
1,117,166,133,121,30,1,6720,252,0,0
1,117,166,133,121,31,1,6944,254,0,0
1,117,166,132,118,32,1,7168,253,0,0
1,117,166,132,126,33,1,7392,253,0,0
1,117,166,133,157,34,1,7616,253,0,0
1,117,166,133,153,35,1,7840,254,0,0
1,117,166,133,117,36,1,8064,254,0,0
1,115,166,132,115,37,1,8288,254,0,0
1,115,166,132,117,38,1,8512,255,0,0
1,115,166,131,117,39,1,8736,254,0,0
1,113,166,131,113,40,1,8960,255,0,0
1,113,166,131,150,41,1,9184,254,0,0
1,113,166,132,138,42,1,9407,252,0,0
1,111,166,131,111,43,1,9630,252,0,0
1,111,166,131,117,44,1,9853,251,0,0
1,98,166,130,98,45,1,10076,251,0,0
1,98,166,130,108,46,1,10299,250,0,0
1,98,166,129,117,47,1,10523,250,0,0
1,98,166,129,121,48,1,10747,251,0,0
1,98,166,129,122,49,1,10971,250,0,0
1,98,166,129,131,50,1,11195,251,0,0
1,98,166,129,133,51,1,11419,252,0,0
1,98,166,129,121,52,1,11643,252,0,0
1,98,166,129,130,53,1,11867,253,0,0
1,98,166,129,131,54,1,12091,252,0,0
1,98,166,129,125,55,1,12315,251,0,0
1,98,166,129,161,56,1,12539,250,0,0
1,98,166,130,139,57,1,12763,250,0,0
1,98,166,130,143,58,1,12987,249,0,0
1,98,166,130,135,59,1,13211,249,0,0
1,98,166,130,131,60,1,13435,249,0,0
1,98,166,130,157,61,1,13659,249,0,0
1,98,166,131,160,62,1,13883,249,0,0
1,98,166,131,136,63,1,14107,249,0,0
1,98,166,131,138,64,1,14331,248,0,0
1,98,166,131,129,65,1,14555,248,0,0
1,98,166,131,161,66,1,14779,247,0,0
1,98,166,132,156,67,1,15003,247,0,0
